{
  "Model": "VoVanPhuc/sup-SimCSE-VietNamese-phobert-base",
  "Dimension": 768,
  "Evaluation_Time_Seconds": 2.9619956016540527,
  "Total_Questions": 21,
  "Total_Chunks": 12,
  "MRR": 0.6404761904761904,
  "Hit_Rate@1": 0.42857142857142855,
  "Hit_Rate@3": 0.8571428571428571,
  "Hit_Rate@5": 0.9523809523809523,
  "MAP@5": 0.6404761904761904,
  "NDCG@5": 0.7191956136541277,
  "Precision@5": 0.19047619047619052,
  "Recall@5": 0.9523809523809523,
  "Timestamp": "2025-08-22T05:59:23.357890"
}