{
  "Model": "vec-ai/lychee-rerank",
  "Dimension": 1536,
  "Evaluation_Time_Seconds": 83.97137808799744,
  "Total_Questions": 16,
  "Total_Chunks": 7,
  "MRR": 0.42291666666666666,
  "Hit_Rate@1": 0.25,
  "Hit_Rate@3": 0.5625,
  "Hit_Rate@5": 0.75,
  "MAP@5": 0.42291666666666666,
  "NDCG@5": 0.5033342301511249,
  "Precision@5": 0.15000000000000002,
  "Recall@5": 0.75,
  "Timestamp": "2025-08-21T20:28:27.781269"
}