{
  "Model": "CaoHaiNam/vietnamese-address-embedding",
  "Dimension": 768,
  "Evaluation_Time_Seconds": 59.716585636138916,
  "Total_Questions": 16,
  "Total_Chunks": 7,
  "MRR": 0.5958333333333333,
  "Hit_Rate@1": 0.5,
  "Hit_Rate@3": 0.6875,
  "Hit_Rate@5": 0.75,
  "MAP@5": 0.5958333333333333,
  "NDCG@5": 0.6342945196485911,
  "Precision@5": 0.15000000000000002,
  "Recall@5": 0.75,
  "Timestamp": "2025-08-21T20:50:08.495312"
}