{
  "Model": "keepitreal/vietnamese-sbert",
  "Dimension": 768,
  "Evaluation_Time_Seconds": 11.851271152496338,
  "Total_Questions": 16,
  "Total_Chunks": 7,
  "MRR": 0.6197916666666666,
  "Hit_Rate@1": 0.4375,
  "Hit_Rate@3": 0.8125,
  "Hit_Rate@5": 0.875,
  "MAP@5": 0.6197916666666666,
  "NDCG@5": 0.6846497232724514,
  "Precision@5": 0.17500000000000002,
  "Recall@5": 0.875,
  "Timestamp": "2025-08-21T20:29:06.978042"
}