{
  "Model": "sentence-transformers/LaBSE",
  "Dimension": 768,
  "Evaluation_Time_Seconds": 27.150452852249146,
  "Total_Questions": 16,
  "Total_Chunks": 7,
  "MRR": 0.6666666666666666,
  "Hit_Rate@1": 0.5,
  "Hit_Rate@3": 0.875,
  "Hit_Rate@5": 0.875,
  "MAP@5": 0.6666666666666666,
  "NDCG@5": 0.7202324383928644,
  "Precision@5": 0.17500000000000002,
  "Recall@5": 0.875,
  "Timestamp": "2025-08-21T20:28:55.044059"
}